col1,col2,col3,col4
string,int,string,string
data1,data2,data3,data4
data1,data2,data3,data4
data1,data2,data3,data4
data1,data2,data3,data4
data1,data2,data3,data4
data1,data2,data3,data4
data1,data2,data3,data4
data1,data2,data3,data4
data1,data2,data3,data4
data1,data2,data3,data4
data1,data2,data3,data4
data1,data2,data3,data4
data1,data2,data3,data4
data1,data2,data3,data4
data1,data2,data3,data4
data1,data2,data3,data4
data1,data2,data3,data4
data1,data2,data3,data4
data1,data2,data3,data4
data1,data2,data3,data4
data1,data2,data3,data4
data1,data2,data3,data4
data1,data2,data3,data4
hai,helo,hai,helo
